call_id,customer_id,call_date,duration_seconds,call_type,data_usage_mb,region,plan_type
CALL100000,CUST1762,2025-05-23 09:57:00,2278,Data,37.27,South,Standard
CALL100001,CUST1207,2025-11-26 23:19:00,868,Voice,75.24,West,Premium
CALL100002,CUST1144,2025-05-26 06:33:00,1940,Voice,159.98,West,Standard
CALL100003,CUST1753,2025-12-02 18:20:00,501,SMS,60.52,West,Standard
CALL100004,CUST1684,2025-08-11 19:20:00,2172,Data,12.8,North,Basic
CALL100005,CUST1427,2025-02-04 00:43:00,2000,SMS,9.97,West,Premium
CALL100006,CUST1981,2025-10-12 11:54:00,1082,Voice,3.27,South,Basic
CALL100007,CUST1737,2025-05-31 07:42:00,2282,Voice,28.54,West,Basic
CALL100008,CUST1789,2025-06-05 14:45:00,2345,Voice,4.98,South,Standard
CALL100009,CUST1559,2025-09-26 16:33:00,2830,Voice,27.9,West,Basic
CALL100010,CUST1651,2025-04-09 05:03:00,319,Voice,49.08,West,Standard
CALL100011,CUST1942,2025-06-17 11:12:00,2993,Voice,179.32,West,Premium
CALL100012,CUST1770,2025-10-05 08:29:00,1637,SMS,31.44,South,Standard
CALL100013,CUST1186,2025-05-26 12:20:00,1696,Voice,126.14,South,Premium
CALL100014,CUST1138,2025-11-17 11:04:00,579,Voice,13.1,North,Standard
CALL100015,CUST1002,2025-12-23 16:35:00,2478,Voice,28.11,South,Standard
CALL100016,CUST1597,2025-11-11 23:48:00,1576,Voice,46.54,East,Standard
CALL100017,CUST1026,2025-11-25 03:53:00,3376,Voice,71.05,East,Basic
CALL100018,CUST1628,2025-12-22 18:33:00,186,Data,132.52,East,Basic
CALL100019,CUST1679,2025-07-08 11:01:00,2029,Voice,26.4,North,Premium
CALL100020,CUST1562,2025-07-15 07:03:00,1120,Data,28.35,East,Standard
CALL100021,CUST1297,2025-10-26 20:52:00,2770,Voice,18.97,East,Standard
CALL100022,CUST1396,2025-05-24 23:22:00,3505,Data,20.05,East,Standard
CALL100023,CUST1088,2025-03-08 21:20:00,483,Voice,40.41,West,Standard
CALL100024,CUST1624,2025-02-23 03:03:00,2249,Voice,0.31,South,Basic
CALL100025,CUST1987,2025-12-04 13:27:00,204,Data,56.74,North,Standard
CALL100026,CUST1712,2025-12-24 11:29:00,2684,Voice,12.91,West,Standard
CALL100027,CUST1096,2025-12-05 09:49:00,894,Data,109.32,East,Standard
CALL100028,CUST1628,2025-05-30 17:21:00,3225,Data,14.87,East,Basic
CALL100029,CUST1279,2025-02-06 01:22:00,2207,Voice,33.51,South,Standard
CALL100030,CUST1801,2025-10-16 11:14:00,3071,Voice,33.35,South,Basic
CALL100031,CUST1851,2025-03-17 20:28:00,542,Voice,47.62,West,Basic
CALL100032,CUST1168,2025-09-17 16:17:00,680,Voice,6.72,West,Premium
CALL100033,CUST1355,2025-11-02 05:52:00,2642,Voice,32.33,North,Premium
CALL100034,CUST1653,2025-01-23 22:42:00,1625,Voice,68.48,South,Standard
CALL100035,CUST1140,2025-04-30 17:58:00,428,Voice,178.25,South,Standard
CALL100036,CUST1014,2025-03-25 23:07:00,1010,Voice,55.63,North,Standard
CALL100037,CUST1002,2025-11-17 21:10:00,1650,SMS,35.82,North,Premium
CALL100038,CUST1783,2025-07-01 04:28:00,79,Data,233.64,South,Basic
CALL100039,CUST1049,2025-08-18 18:08:00,3033,Data,41.31,West,Premium
CALL100040,CUST1246,2025-08-06 20:10:00,1210,Data,79.34,East,Standard
CALL100041,CUST1845,2025-07-06 10:07:00,2057,Voice,47.14,East,Standard
CALL100042,CUST1948,2025-02-06 21:42:00,1143,Voice,2.79,West,Basic
CALL100043,CUST1486,2025-09-10 09:59:00,2484,Data,96.96,North,Standard
CALL100044,CUST1207,2025-10-16 11:21:00,2682,Voice,2.13,East,Standard
CALL100045,CUST1985,2025-10-12 18:57:00,2307,Voice,0.3,North,Standard
CALL100046,CUST1153,2025-06-04 06:15:00,1719,Voice,1.28,South,Basic
CALL100047,CUST1151,2025-11-15 01:53:00,993,Data,38.85,North,Basic
CALL100048,CUST1050,2025-12-11 19:35:00,3431,Voice,2.71,East,Standard
CALL100049,CUST1701,2025-04-16 23:43:00,139,Voice,23.73,South,Standard
CALL100050,CUST1394,2025-03-10 12:16:00,1000,Voice,83.91,West,Standard
CALL100051,CUST1006,2025-08-27 07:53:00,2732,Voice,19.82,West,Premium
CALL100052,CUST1542,2025-07-11 13:13:00,2597,Voice,111.31,North,Basic
CALL100053,CUST1048,2025-11-29 17:50:00,3352,Voice,19.49,South,Standard
CALL100054,CUST1039,2025-12-28 10:16:00,1211,SMS,20.01,North,Basic
CALL100055,CUST1294,2025-12-07 04:25:00,1400,Data,5.71,West,Premium
CALL100056,CUST1441,2025-07-25 19:00:00,1316,SMS,97.09,East,Premium
CALL100057,CUST1783,2025-07-02 11:46:00,2075,Voice,11.78,North,Premium
CALL100058,CUST1335,2025-08-31 01:43:00,276,Voice,26.34,North,Premium
CALL100059,CUST1827,2025-10-31 20:13:00,2144,Data,3.72,East,Premium
CALL100060,CUST1939,2025-12-08 07:21:00,1708,Voice,15.39,South,Premium
CALL100061,CUST1557,2025-12-01 18:24:00,941,Data,32.03,West,Standard
CALL100062,CUST1216,2025-05-27 20:19:00,1823,Voice,22.19,North,Basic
CALL100063,CUST1196,2025-05-01 06:08:00,2484,Voice,31.91,East,Standard
CALL100064,CUST1856,2025-10-19 10:11:00,1073,Voice,52.91,East,Standard
CALL100065,CUST1359,2025-11-11 16:18:00,411,Voice,32.71,South,Standard
CALL100066,CUST1645,2025-09-21 21:17:00,1850,Voice,83.37,West,Standard
CALL100067,CUST1955,2025-11-24 02:47:00,2324,SMS,0.75,North,Basic
CALL100068,CUST1353,2025-02-16 00:35:00,1375,Voice,42.89,South,Standard
CALL100069,CUST1176,2025-12-18 20:53:00,465,Data,26.84,South,Standard
CALL100070,CUST1782,2025-07-13 12:05:00,2301,Voice,79.16,East,Standard
CALL100071,CUST1064,2025-05-06 04:01:00,48,Voice,36.84,East,Basic
CALL100072,CUST1972,2025-04-30 19:54:00,2993,Data,39.87,North,Basic
CALL100073,CUST1862,2025-01-15 13:32:00,1702,Voice,246.47,East,Premium
CALL100074,CUST1279,2025-01-02 16:07:00,3458,Data,7.08,North,Basic
CALL100075,CUST1910,2025-06-28 06:07:00,1775,Voice,61.71,West,Standard
CALL100076,CUST1521,2025-09-25 11:24:00,2433,Voice,22.62,North,Standard
CALL100077,CUST1296,2025-01-29 22:52:00,2952,Voice,63.66,West,Standard
CALL100078,CUST1683,2025-04-09 00:50:00,2529,Voice,65.22,West,Basic
CALL100079,CUST1348,2025-11-27 13:05:00,3170,Voice,4.39,West,Premium
CALL100080,CUST1570,2025-10-09 21:24:00,565,Voice,52.45,North,Basic
CALL100081,CUST1480,2025-04-24 08:15:00,2494,Voice,63.96,East,Basic
CALL100082,CUST1354,2025-11-28 07:16:00,1563,Data,56.03,East,Basic
CALL100083,CUST1538,2025-04-19 09:12:00,405,Voice,124.06,East,Premium
CALL100084,CUST1074,2025-03-11 13:16:00,1185,Data,24.57,East,Premium
CALL100085,CUST1825,2025-09-05 02:43:00,1743,Data,123.0,East,Premium
CALL100086,CUST1803,2025-03-22 01:44:00,1748,Voice,5.59,North,Premium
CALL100087,CUST1404,2025-01-25 18:21:00,474,Voice,92.0,West,Basic
CALL100088,CUST1824,2025-04-21 00:00:00,1270,SMS,123.0,South,Premium
CALL100089,CUST1098,2025-06-06 07:38:00,2454,Voice,83.34,West,Basic
CALL100090,CUST1583,2025-06-26 22:00:00,1643,SMS,92.83,West,Basic
CALL100091,CUST1390,2025-01-03 05:00:00,1096,Data,10.65,South,Standard
CALL100092,CUST1819,2025-11-13 21:41:00,3295,Voice,13.57,North,Standard
CALL100093,CUST1898,2025-09-30 02:37:00,2707,SMS,24.26,East,Standard
CALL100094,CUST1424,2025-10-20 12:13:00,1737,Voice,110.07,South,Standard
CALL100095,CUST1806,2025-01-06 04:47:00,1887,Voice,69.36,East,Basic
CALL100096,CUST1360,2025-11-18 12:34:00,2116,Voice,76.57,East,Standard
CALL100097,CUST1638,2025-08-16 19:24:00,206,Voice,91.76,East,Standard
CALL100098,CUST1957,2025-01-20 00:20:00,2736,SMS,59.5,East,Basic
CALL100099,CUST1987,2025-09-06 17:19:00,3131,Voice,8.51,North,Basic
CALL100100,CUST1416,2025-03-10 10:57:00,1440,Voice,30.0,South,Premium
CALL100101,CUST1086,2025-06-28 09:22:00,3491,Voice,169.16,East,Premium
CALL100102,CUST1992,2025-06-18 06:17:00,3197,Voice,1.08,South,Standard
CALL100103,CUST1448,2025-12-12 21:25:00,2779,Voice,61.61,North,Standard
CALL100104,CUST1502,2025-09-10 19:13:00,463,Voice,25.68,East,Premium
CALL100105,CUST1448,2025-07-02 00:49:00,695,SMS,9.88,East,Standard
CALL100106,CUST1463,2025-09-21 14:59:00,1594,SMS,69.57,East,Basic
CALL100107,CUST1296,2025-10-29 13:31:00,654,Voice,5.29,East,Basic
CALL100108,CUST1776,2025-07-02 18:16:00,1352,Voice,0.66,West,Basic
CALL100109,CUST1088,2025-07-15 03:33:00,2040,Voice,160.85,South,Standard
CALL100110,CUST1093,2025-06-18 20:47:00,831,SMS,6.26,North,Basic
CALL100111,CUST1812,2025-03-15 02:32:00,2101,Voice,16.48,West,Basic
CALL100112,CUST1217,2025-08-31 08:22:00,1744,Data,9.05,East,Basic
CALL100113,CUST1867,2025-05-22 05:55:00,872,SMS,76.22,East,Standard
CALL100114,CUST1926,2025-06-25 23:33:00,3092,Voice,0.72,West,Standard
CALL100115,CUST1461,2025-01-29 01:20:00,3046,Voice,18.36,South,Basic
CALL100116,CUST1969,2025-02-23 02:04:00,280,Data,0.78,South,Basic
CALL100117,CUST1728,2025-05-05 12:56:00,3507,Voice,2.83,East,Premium
CALL100118,CUST1593,2025-09-08 10:26:00,1935,Data,59.37,West,Standard
CALL100119,CUST1481,2025-11-16 19:19:00,950,Voice,45.23,West,Standard
CALL100120,CUST1670,2025-12-31 07:15:00,913,Voice,43.58,East,Premium
CALL100121,CUST1690,2025-12-16 00:09:00,1975,Data,2.4,West,Standard
CALL100122,CUST1029,2025-07-23 07:08:00,2029,Voice,39.05,South,Basic
CALL100123,CUST1177,2025-11-17 20:49:00,1653,SMS,229.16,West,Basic
CALL100124,CUST1192,2025-08-07 10:36:00,224,Voice,225.98,West,Standard
CALL100125,CUST1466,2025-07-09 18:42:00,1329,Voice,184.52,South,Standard
CALL100126,CUST1333,2025-03-01 17:40:00,72,SMS,22.03,West,Standard
CALL100127,CUST1137,2025-04-11 16:44:00,2897,Voice,84.59,East,Standard
CALL100128,CUST1457,2025-11-29 05:08:00,1117,Voice,110.82,East,Standard
CALL100129,CUST1470,2025-06-10 12:10:00,1795,Voice,176.64,North,Standard
CALL100130,CUST1216,2025-05-10 06:38:00,293,SMS,0.01,South,Standard
CALL100131,CUST1712,2025-08-10 17:26:00,553,Voice,11.6,South,Basic
CALL100132,CUST1015,2025-11-26 19:29:00,1937,Data,26.06,West,Premium
CALL100133,CUST1417,2025-06-28 01:28:00,2878,Voice,98.27,South,Standard
CALL100134,CUST1984,2025-05-08 17:53:00,2212,Voice,147.33,North,Standard
CALL100135,CUST1736,2025-04-30 17:05:00,121,Voice,147.96,South,Basic
CALL100136,CUST1825,2025-03-08 04:15:00,2285,Voice,0.43,South,Basic
CALL100137,CUST1986,2025-06-18 21:06:00,2030,Voice,11.16,North,Premium
CALL100138,CUST1991,2025-09-25 03:02:00,264,SMS,28.64,North,Standard
CALL100139,CUST1857,2025-08-10 21:36:00,2247,Data,135.0,North,Premium
CALL100140,CUST1456,2025-04-02 15:39:00,1393,Voice,137.3,East,Premium
CALL100141,CUST1397,2025-08-03 18:00:00,2871,Voice,40.28,East,Standard
CALL100142,CUST1056,2025-12-15 16:56:00,770,Voice,10.97,North,Standard
CALL100143,CUST1897,2025-06-10 04:46:00,3087,Voice,4.66,North,Basic
CALL100144,CUST1490,2025-10-26 14:09:00,1095,Data,16.94,East,Premium
CALL100145,CUST1998,2025-10-13 06:54:00,3098,Voice,57.8,South,Standard
CALL100146,CUST1210,2025-01-04 07:54:00,1768,Voice,3.11,East,Premium
CALL100147,CUST1813,2025-12-23 09:18:00,1417,Voice,17.78,East,Basic
CALL100148,CUST1222,2025-02-25 10:57:00,2210,Voice,3.84,East,Premium
CALL100149,CUST1190,2025-03-15 16:54:00,583,Voice,130.98,South,Premium
CALL100150,CUST1882,2025-10-13 08:20:00,894,Voice,71.48,North,Standard
CALL100151,CUST1801,2025-05-16 00:31:00,1443,Voice,8.93,East,Standard
CALL100152,CUST1916,2025-12-04 12:25:00,2186,Voice,37.05,South,Standard
CALL100153,CUST1766,2025-05-24 12:15:00,116,Data,77.32,West,Basic
CALL100154,CUST1256,2025-06-13 13:20:00,2087,Data,23.58,North,Standard
CALL100155,CUST1191,2025-04-04 15:00:00,1407,SMS,14.51,North,Premium
CALL100156,CUST1368,2025-03-01 22:51:00,3461,SMS,42.05,East,Basic
CALL100157,CUST1127,2025-03-07 00:32:00,1509,Voice,46.16,South,Standard
CALL100158,CUST1849,2025-07-22 13:24:00,2471,Voice,1.81,West,Basic
CALL100159,CUST1588,2025-05-30 10:24:00,2642,Voice,44.89,West,Standard
CALL100160,CUST1029,2025-04-30 07:40:00,3299,Voice,16.65,South,Standard
CALL100161,CUST1529,2025-09-06 05:58:00,592,Voice,77.73,South,Standard
CALL100162,CUST1225,2025-10-15 20:10:00,667,Data,31.57,North,Basic
CALL100163,CUST1641,2025-12-03 07:55:00,48,SMS,10.81,West,Premium
CALL100164,CUST1387,2025-10-28 20:24:00,434,Voice,12.82,East,Standard
CALL100165,CUST1282,2025-11-16 12:39:00,766,SMS,159.02,North,Standard
CALL100166,CUST1815,2025-04-05 13:44:00,1004,Data,129.05,North,Premium
CALL100167,CUST1641,2025-03-03 17:54:00,2891,Voice,76.28,West,Standard
CALL100168,CUST1767,2025-08-25 22:48:00,2448,Voice,13.61,North,Basic
CALL100169,CUST1941,2025-11-24 15:39:00,860,SMS,57.08,South,Standard
CALL100170,CUST1298,2025-04-03 05:22:00,1070,SMS,132.67,East,Premium
CALL100171,CUST1571,2025-05-13 21:24:00,1952,Voice,54.71,North,Premium
CALL100172,CUST1911,2025-03-26 08:49:00,1296,SMS,37.46,West,Basic
CALL100173,CUST1840,2025-04-18 23:19:00,2316,Data,28.39,East,Basic
CALL100174,CUST1933,2025-02-28 08:40:00,3022,Voice,18.55,North,Standard
CALL100175,CUST1703,2025-02-24 18:09:00,367,Voice,92.83,North,Premium
CALL100176,CUST1522,2025-05-08 00:42:00,394,Voice,242.51,East,Basic
CALL100177,CUST1406,2025-09-20 18:27:00,2041,SMS,23.73,North,Standard
CALL100178,CUST1868,2025-10-21 17:36:00,1985,Voice,32.51,South,Premium
CALL100179,CUST1864,2025-12-04 03:50:00,1151,Voice,9.67,North,Basic
CALL100180,CUST1698,2025-09-03 09:42:00,1119,Voice,228.57,North,Basic
CALL100181,CUST1592,2025-03-14 20:43:00,2831,Data,74.8,West,Basic
CALL100182,CUST1340,2025-03-02 13:32:00,1698,Data,80.36,North,Standard
CALL100183,CUST1467,2025-09-20 11:10:00,2056,Data,8.61,North,Basic
CALL100184,CUST1812,2025-04-19 02:40:00,1019,SMS,11.68,North,Standard
CALL100185,CUST1547,2025-10-24 21:13:00,2264,Data,92.23,North,Basic
CALL100186,CUST1767,2025-02-19 03:01:00,1579,Voice,17.79,South,Standard
CALL100187,CUST1922,2025-01-09 17:33:00,514,Data,1.68,North,Standard
CALL100188,CUST1776,2025-01-29 07:16:00,657,Data,80.71,West,Standard
CALL100189,CUST1683,2025-01-20 03:41:00,3241,Data,64.78,North,Basic
CALL100190,CUST1382,2025-11-06 17:13:00,1722,Voice,28.71,West,Standard
CALL100191,CUST1953,2025-06-02 08:42:00,2278,SMS,26.58,East,Standard
CALL100192,CUST1007,2025-09-09 10:22:00,188,Voice,109.4,West,Standard
CALL100193,CUST1076,2025-11-14 23:26:00,792,SMS,57.38,East,Basic
CALL100194,CUST1497,2025-02-26 04:33:00,2594,Voice,17.25,West,Standard
CALL100195,CUST1585,2025-04-16 10:26:00,75,Data,10.68,North,Standard
CALL100196,CUST1568,2025-11-24 13:00:00,3464,Voice,5.58,South,Standard
CALL100197,CUST1959,2025-07-25 03:39:00,2772,SMS,53.27,West,Premium
CALL100198,CUST1740,2025-09-24 04:12:00,1714,SMS,26.13,South,Premium
CALL100199,CUST1401,2025-01-23 05:53:00,3488,Data,91.54,North,Premium
CALL100200,CUST1914,2025-05-24 06:02:00,2970,Voice,52.95,North,Premium
CALL100201,CUST1823,2025-07-05 00:59:00,2181,Voice,89.56,North,Premium
CALL100202,CUST1371,2025-11-20 13:51:00,901,Voice,30.78,North,Premium
CALL100203,CUST1717,2025-11-04 04:51:00,166,Voice,24.43,South,Premium
CALL100204,CUST1489,2025-09-21 16:14:00,2142,Data,6.52,North,Premium
CALL100205,CUST1259,2025-07-07 18:15:00,1649,Data,83.17,East,Standard
CALL100206,CUST1635,2025-09-18 21:27:00,862,SMS,32.29,East,Basic
CALL100207,CUST1228,2025-10-16 20:32:00,3246,Data,10.7,West,Basic
CALL100208,CUST1350,2025-02-14 06:49:00,1925,Voice,4.86,North,Basic
CALL100209,CUST1525,2025-08-18 07:23:00,2724,Voice,18.58,North,Standard
CALL100210,CUST1818,2025-11-30 08:43:00,2274,Voice,90.85,East,Premium
CALL100211,CUST1779,2025-04-02 15:38:00,1049,Voice,367.19,South,Standard
CALL100212,CUST1897,2025-03-07 21:22:00,803,Voice,5.35,South,Premium
CALL100213,CUST1412,2025-10-19 17:11:00,2516,SMS,81.69,South,Standard
CALL100214,CUST1927,2025-05-14 22:15:00,3494,Voice,32.98,West,Premium
CALL100215,CUST1750,2025-09-10 16:34:00,1402,SMS,18.5,South,Premium
CALL100216,CUST1700,2025-06-12 15:31:00,85,Voice,46.44,South,Standard
CALL100217,CUST1381,2025-05-29 13:09:00,1795,Data,25.31,West,Premium
CALL100218,CUST1293,2025-04-02 19:48:00,448,SMS,36.91,North,Standard
CALL100219,CUST1812,2025-01-06 02:35:00,2369,Voice,2.64,East,Standard
CALL100220,CUST1289,2025-01-18 00:05:00,2691,Voice,9.11,South,Standard
CALL100221,CUST1237,2025-05-04 19:35:00,2708,Voice,0.6,South,Standard
CALL100222,CUST1181,2025-06-01 22:25:00,1661,Voice,42.9,South,Standard
CALL100223,CUST1509,2025-11-29 12:18:00,3199,Voice,2.39,East,Standard
CALL100224,CUST1456,2025-02-24 20:17:00,568,SMS,24.65,West,Standard
CALL100225,CUST1866,2025-03-28 16:19:00,3147,SMS,121.29,South,Standard
CALL100226,CUST1175,2025-11-30 03:51:00,2204,Voice,3.99,South,Standard
CALL100227,CUST1540,2025-10-01 18:01:00,1574,Data,49.85,North,Premium
CALL100228,CUST1003,2025-09-07 08:19:00,1983,Voice,57.05,East,Standard
CALL100229,CUST1939,2025-01-14 12:56:00,3018,Data,14.05,West,Standard
CALL100230,CUST1953,2025-06-11 13:55:00,3474,Voice,119.06,South,Basic
CALL100231,CUST1007,2025-03-31 03:52:00,1859,Voice,138.03,North,Premium
CALL100232,CUST1511,2025-11-29 09:44:00,1767,Voice,45.5,West,Standard
CALL100233,CUST1720,2025-09-08 07:32:00,619,Voice,131.92,North,Standard
CALL100234,CUST1397,2025-09-20 12:20:00,2702,SMS,25.85,South,Standard
CALL100235,CUST1060,2025-07-23 02:17:00,1458,Voice,31.72,East,Standard
CALL100236,CUST1240,2025-10-22 17:40:00,2330,SMS,47.64,North,Standard
CALL100237,CUST1648,2025-03-28 03:34:00,1413,Voice,438.52,North,Basic
CALL100238,CUST1935,2025-10-17 15:14:00,2270,Voice,75.17,East,Premium
CALL100239,CUST1213,2025-04-12 11:00:00,2844,Voice,100.26,South,Basic
CALL100240,CUST1127,2025-12-12 14:49:00,1528,Data,12.1,North,Basic
CALL100241,CUST1385,2025-01-12 02:50:00,411,Voice,163.31,West,Standard
CALL100242,CUST1890,2025-11-18 01:18:00,328,Voice,27.35,West,Standard
CALL100243,CUST1905,2025-09-15 02:36:00,875,Voice,1.66,South,Basic
CALL100244,CUST1045,2025-12-05 21:22:00,193,Data,2.27,South,Standard
CALL100245,CUST1094,2025-12-26 18:20:00,3577,SMS,145.63,South,Standard
CALL100246,CUST1242,2025-03-23 20:20:00,1733,Voice,15.83,South,Standard
CALL100247,CUST1341,2025-08-14 12:05:00,914,Voice,23.95,South,Basic
CALL100248,CUST1419,2025-08-10 03:09:00,390,Voice,14.59,West,Standard
CALL100249,CUST1158,2025-04-27 18:59:00,2736,Voice,35.08,East,Premium
CALL100250,CUST1908,2025-02-27 09:42:00,984,Voice,43.0,East,Basic
CALL100251,CUST1421,2025-11-21 01:07:00,2740,Voice,87.87,North,Standard
CALL100252,CUST1148,2025-02-16 06:39:00,624,Voice,107.03,East,Basic
CALL100253,CUST1919,2025-08-18 18:39:00,2266,Voice,15.77,East,Standard
CALL100254,CUST1574,2025-08-22 10:42:00,1093,Voice,31.02,South,Basic
CALL100255,CUST1429,2025-12-17 14:33:00,1691,SMS,21.3,South,Premium
CALL100256,CUST1551,2025-08-13 17:44:00,1290,Voice,63.83,North,Basic
CALL100257,CUST1355,2025-04-11 17:12:00,727,Voice,38.42,East,Standard
CALL100258,CUST1158,2025-06-06 11:50:00,1986,Data,77.32,East,Standard
CALL100259,CUST1323,2025-08-16 13:47:00,3072,SMS,19.3,North,Premium
CALL100260,CUST1340,2025-12-26 09:21:00,180,Data,91.57,South,Standard
CALL100261,CUST1267,2025-05-14 01:52:00,2068,SMS,74.12,North,Standard
CALL100262,CUST1062,2025-04-29 16:47:00,975,Voice,18.36,East,Standard
CALL100263,CUST1845,2025-01-26 03:26:00,995,Voice,94.31,South,Standard
CALL100264,CUST1526,2025-01-17 21:00:00,2562,SMS,2.34,South,Standard
CALL100265,CUST1817,2025-01-30 16:48:00,1951,Voice,18.8,West,Basic
CALL100266,CUST1181,2025-11-20 00:45:00,3554,Data,14.39,West,Premium
CALL100267,CUST1016,2025-04-24 19:58:00,854,Data,151.41,South,Standard
CALL100268,CUST1727,2025-06-20 17:16:00,2463,Voice,48.05,North,Basic
CALL100269,CUST1670,2025-01-22 06:09:00,3063,Voice,42.65,West,Premium
CALL100270,CUST1023,2025-10-27 22:25:00,2152,Voice,79.98,West,Standard
CALL100271,CUST1236,2025-12-25 01:41:00,2737,Voice,35.28,North,Standard
CALL100272,CUST1273,2025-04-29 17:18:00,2183,Data,9.29,West,Standard
CALL100273,CUST1370,2025-01-24 02:19:00,2056,Voice,83.23,South,Basic
CALL100274,CUST1889,2025-11-02 04:17:00,1883,Data,41.59,West,Standard
CALL100275,CUST1429,2025-10-03 17:15:00,1778,Voice,38.58,South,Basic
CALL100276,CUST1199,2025-12-21 21:08:00,1305,Voice,73.05,West,Standard
CALL100277,CUST1295,2025-09-09 21:59:00,3222,Data,9.9,West,Standard
CALL100278,CUST1345,2025-05-26 06:37:00,1600,Voice,42.0,East,Premium
CALL100279,CUST1600,2025-05-01 01:31:00,1633,Voice,39.04,North,Standard
CALL100280,CUST1719,2025-12-20 02:23:00,466,SMS,29.15,South,Basic
CALL100281,CUST1943,2025-12-14 00:20:00,2219,Voice,14.03,East,Standard
CALL100282,CUST1914,2025-04-27 20:50:00,3123,Voice,38.38,East,Standard
CALL100283,CUST1344,2025-06-26 22:55:00,745,Voice,2.12,North,Basic
CALL100284,CUST1295,2025-01-12 09:51:00,3024,Voice,100.81,South,Standard
CALL100285,CUST1805,2025-12-03 07:53:00,62,Voice,13.09,East,Premium
CALL100286,CUST1947,2025-05-06 22:27:00,1710,Voice,14.15,West,Premium
CALL100287,CUST1848,2025-11-10 19:49:00,1994,Voice,28.59,South,Basic
CALL100288,CUST1277,2025-09-26 22:27:00,1268,Data,16.55,East,Basic
CALL100289,CUST1146,2025-11-11 23:44:00,1961,Data,40.22,East,Basic
CALL100290,CUST1982,2025-06-17 21:56:00,461,SMS,30.95,South,Premium
CALL100291,CUST1598,2025-04-05 17:01:00,2629,Voice,11.76,North,Standard
CALL100292,CUST1104,2025-09-08 05:24:00,3264,Voice,16.36,South,Standard
CALL100293,CUST1829,2025-01-21 17:54:00,1438,Voice,10.92,South,Premium
CALL100294,CUST1228,2025-05-04 02:09:00,164,Voice,31.53,North,Basic
CALL100295,CUST1448,2025-12-03 11:52:00,1667,Data,5.32,West,Basic
CALL100296,CUST1889,2025-08-07 13:36:00,3196,Voice,10.85,South,Standard
CALL100297,CUST1686,2025-02-05 20:24:00,2664,Voice,22.49,East,Standard
CALL100298,CUST1768,2025-05-06 22:24:00,496,Voice,18.58,South,Premium
CALL100299,CUST1833,2025-07-29 07:36:00,527,Voice,1.25,North,Standard
CALL100300,CUST1199,2025-03-02 13:17:00,2719,Data,10.14,South,Standard
CALL100301,CUST1428,2025-12-21 01:57:00,709,Voice,2.73,South,Standard
CALL100302,CUST1447,2025-10-20 00:14:00,651,Voice,210.58,West,Basic
CALL100303,CUST1721,2025-09-11 12:00:00,114,SMS,53.59,West,Standard
CALL100304,CUST1543,2025-03-28 12:12:00,275,Voice,130.49,West,Premium
CALL100305,CUST1599,2025-06-13 13:13:00,2310,Voice,43.11,West,Standard
CALL100306,CUST1098,2025-07-25 03:02:00,2644,Voice,32.91,North,Standard
CALL100307,CUST1950,2025-05-09 19:06:00,3106,Voice,28.1,North,Basic
CALL100308,CUST1039,2025-11-13 14:49:00,1381,Voice,120.94,South,Basic
CALL100309,CUST1847,2025-10-08 22:02:00,2696,Data,41.27,East,Standard
CALL100310,CUST1406,2025-11-09 05:19:00,1124,Voice,98.22,North,Standard
CALL100311,CUST1762,2025-01-21 11:06:00,1000,Voice,13.75,North,Standard
CALL100312,CUST1815,2025-08-25 12:58:00,61,Data,172.59,South,Standard
CALL100313,CUST1942,2025-01-10 03:50:00,3310,Voice,99.88,East,Premium
CALL100314,CUST1069,2025-08-10 12:28:00,3503,SMS,0.82,East,Standard
CALL100315,CUST1149,2025-06-02 11:05:00,3573,Voice,68.93,East,Standard
CALL100316,CUST1345,2025-12-10 06:10:00,2083,Data,53.59,South,Standard
CALL100317,CUST1069,2025-07-22 16:24:00,1176,Data,116.69,South,Standard
CALL100318,CUST1004,2025-06-27 06:24:00,67,SMS,142.46,North,Premium
CALL100319,CUST1337,2025-11-07 07:45:00,3056,Voice,74.28,North,Premium
CALL100320,CUST1459,2025-09-19 19:58:00,784,Voice,27.2,East,Basic
CALL100321,CUST1703,2025-12-29 02:54:00,1382,Voice,9.86,East,Standard
CALL100322,CUST1979,2025-05-20 17:47:00,1188,Voice,82.27,East,Premium
CALL100323,CUST1903,2025-02-28 13:54:00,2040,SMS,66.61,North,Standard
CALL100324,CUST1113,2025-10-02 12:34:00,2655,Voice,43.03,East,Standard
CALL100325,CUST1343,2025-12-26 03:34:00,3597,Voice,1.5,North,Basic
CALL100326,CUST1578,2025-04-18 15:16:00,114,SMS,85.6,South,Standard
CALL100327,CUST1066,2025-12-31 02:07:00,2703,SMS,8.89,South,Premium
CALL100328,CUST1577,2025-02-27 01:29:00,3597,SMS,98.36,West,Standard
CALL100329,CUST1106,2025-01-13 03:17:00,808,Data,11.38,South,Premium
CALL100330,CUST1725,2025-02-17 14:16:00,425,SMS,14.67,East,Basic
CALL100331,CUST1098,2025-01-07 14:49:00,3105,Voice,2.62,West,Premium
CALL100332,CUST1018,2025-12-30 10:05:00,2428,Data,97.97,East,Premium
CALL100333,CUST1289,2025-01-09 11:10:00,1094,Voice,61.07,East,Basic
CALL100334,CUST1902,2025-02-17 00:58:00,3275,Voice,9.97,West,Basic
CALL100335,CUST1869,2025-01-10 03:49:00,1498,Voice,104.17,West,Standard
CALL100336,CUST1304,2025-06-19 10:48:00,1059,Voice,33.12,West,Premium
CALL100337,CUST1020,2025-05-14 15:23:00,1594,Voice,14.25,West,Standard
CALL100338,CUST1464,2025-01-23 09:04:00,2331,Voice,32.3,North,Basic
CALL100339,CUST1592,2025-03-18 21:01:00,1124,Voice,100.01,North,Standard
CALL100340,CUST1241,2025-08-18 14:45:00,280,SMS,99.21,West,Standard
CALL100341,CUST1513,2025-10-15 17:42:00,3230,Voice,7.0,South,Premium
CALL100342,CUST1827,2025-09-11 23:45:00,783,Data,87.61,West,Basic
CALL100343,CUST1253,2025-08-16 12:36:00,195,Voice,60.32,South,Premium
CALL100344,CUST1540,2025-05-27 23:59:00,201,Data,66.19,South,Basic
CALL100345,CUST1448,2025-06-01 13:40:00,2161,SMS,7.8,North,Standard
CALL100346,CUST1599,2025-12-12 09:50:00,445,Voice,60.04,North,Standard
CALL100347,CUST1659,2025-03-06 21:17:00,2236,Voice,35.28,West,Basic
CALL100348,CUST1913,2025-08-29 10:13:00,387,Voice,1.58,North,Standard
CALL100349,CUST1025,2025-01-24 18:59:00,1287,Data,65.12,East,Standard
CALL100350,CUST1245,2025-07-15 01:47:00,1971,SMS,18.4,West,Standard
CALL100351,CUST1517,2025-10-19 00:40:00,2960,Voice,30.02,South,Basic
CALL100352,CUST1345,2025-01-05 22:44:00,2274,SMS,63.53,West,Premium
CALL100353,CUST1137,2025-07-28 11:06:00,724,SMS,24.59,North,Basic
CALL100354,CUST1965,2025-10-13 11:08:00,3019,Voice,7.92,West,Basic
CALL100355,CUST1106,2025-06-19 08:29:00,3249,Voice,17.75,West,Standard
CALL100356,CUST1240,2025-05-12 10:22:00,1280,Voice,44.53,West,Basic
CALL100357,CUST1934,2025-07-13 15:50:00,2468,Voice,7.86,North,Premium
CALL100358,CUST1142,2025-10-03 23:57:00,3144,Voice,81.69,West,Standard
CALL100359,CUST1993,2025-05-19 00:39:00,1213,Voice,14.38,North,Basic
CALL100360,CUST1236,2025-07-10 08:33:00,182,Voice,66.56,East,Basic
CALL100361,CUST1083,2025-01-02 12:11:00,44,SMS,57.21,West,Basic
CALL100362,CUST1968,2025-01-16 13:24:00,2630,Data,20.2,East,Standard
CALL100363,CUST1408,2025-09-06 21:05:00,784,SMS,46.72,North,Standard
CALL100364,CUST1475,2025-03-04 23:59:00,1574,Data,39.6,West,Standard
CALL100365,CUST1851,2025-06-22 05:00:00,263,Voice,2.99,South,Standard
CALL100366,CUST1664,2025-01-11 17:04:00,986,SMS,32.59,East,Standard
CALL100367,CUST1655,2025-10-06 22:57:00,1714,Voice,30.08,North,Standard
CALL100368,CUST1185,2025-06-17 09:52:00,496,Voice,56.19,East,Basic
CALL100369,CUST1476,2025-04-22 11:21:00,2162,SMS,30.33,West,Basic
CALL100370,CUST1429,2025-03-07 11:39:00,3315,Voice,51.68,West,Premium
CALL100371,CUST1872,2025-01-14 07:44:00,1005,Data,82.4,South,Basic
CALL100372,CUST1246,2025-05-30 08:24:00,2278,Voice,56.5,North,Basic
CALL100373,CUST1309,2025-03-23 15:42:00,1092,Voice,0.77,East,Standard
CALL100374,CUST1207,2025-10-04 14:22:00,2062,Data,5.09,South,Basic
CALL100375,CUST1951,2025-01-03 01:42:00,289,Voice,63.87,South,Premium
CALL100376,CUST1213,2025-01-17 10:04:00,3169,Voice,0.66,East,Basic
CALL100377,CUST1153,2025-09-28 21:49:00,1820,Voice,43.32,North,Premium
CALL100378,CUST1464,2025-06-07 17:40:00,534,Voice,50.28,East,Standard
CALL100379,CUST1605,2025-08-28 08:50:00,146,Data,121.43,East,Premium
CALL100380,CUST1342,2025-01-27 15:09:00,2321,Voice,7.8,East,Basic
CALL100381,CUST1726,2025-02-06 20:19:00,3102,Data,39.11,South,Basic
CALL100382,CUST1216,2025-10-04 14:15:00,527,Voice,12.38,North,Premium
CALL100383,CUST1584,2025-10-25 00:19:00,2969,Voice,56.05,South,Standard
CALL100384,CUST1463,2025-06-03 13:06:00,2446,Voice,66.77,North,Basic
CALL100385,CUST1906,2025-08-05 08:47:00,631,Voice,23.28,South,Premium
CALL100386,CUST1477,2025-07-16 09:48:00,525,Data,116.91,South,Standard
CALL100387,CUST1792,2025-07-17 08:13:00,1282,Voice,34.38,East,Standard
CALL100388,CUST1319,2025-10-08 16:07:00,1632,Data,2.15,East,Standard
CALL100389,CUST1648,2025-03-20 01:14:00,156,SMS,63.57,West,Standard
CALL100390,CUST1830,2025-10-18 00:33:00,566,Voice,37.92,South,Basic
CALL100391,CUST1029,2025-08-27 13:47:00,394,Voice,3.57,North,Standard
CALL100392,CUST1693,2025-08-09 09:25:00,3056,Data,16.25,West,Standard
CALL100393,CUST1370,2025-01-10 13:32:00,464,SMS,75.2,South,Premium
CALL100394,CUST1804,2025-03-16 02:51:00,1836,Voice,42.4,West,Premium
CALL100395,CUST1187,2025-07-04 21:40:00,3456,Voice,23.71,East,Basic
CALL100396,CUST1852,2025-06-18 01:03:00,3277,SMS,13.93,South,Standard
CALL100397,CUST1970,2025-10-25 01:53:00,805,SMS,59.62,South,Standard
CALL100398,CUST1511,2025-04-14 17:45:00,1679,Voice,32.72,North,Premium
CALL100399,CUST1299,2025-03-05 03:03:00,2784,Voice,21.99,South,Standard
CALL100400,CUST1615,2025-01-13 12:51:00,1431,Voice,4.56,South,Basic
CALL100401,CUST1597,2025-07-17 12:54:00,2682,Voice,10.82,North,Standard
CALL100402,CUST1521,2025-11-01 05:28:00,879,Voice,61.58,West,Standard
CALL100403,CUST1393,2025-08-13 06:50:00,1173,Data,28.32,East,Premium
CALL100404,CUST1034,2025-06-11 05:19:00,542,Voice,44.87,West,Standard
CALL100405,CUST1660,2025-07-03 23:23:00,1303,Voice,69.33,South,Standard
CALL100406,CUST1690,2025-02-12 07:06:00,2575,Voice,18.25,West,Premium
CALL100407,CUST1820,2025-01-17 22:38:00,2609,Voice,42.95,North,Standard
CALL100408,CUST1696,2025-02-18 17:36:00,2578,Voice,247.97,North,Standard
CALL100409,CUST1759,2025-10-15 18:50:00,3551,Voice,43.98,South,Premium
CALL100410,CUST1637,2025-07-14 07:42:00,3339,Data,1.16,West,Standard
CALL100411,CUST1142,2025-12-17 17:16:00,1926,Data,85.37,North,Standard
CALL100412,CUST1778,2025-07-24 04:34:00,785,SMS,126.83,East,Standard
CALL100413,CUST1803,2025-11-05 18:34:00,2321,SMS,74.24,North,Premium
CALL100414,CUST1210,2025-11-14 20:49:00,2283,SMS,84.57,North,Basic
CALL100415,CUST1297,2025-09-26 11:11:00,1487,Voice,61.98,South,Basic
CALL100416,CUST1776,2025-11-17 20:55:00,1558,Voice,106.64,South,Standard
CALL100417,CUST1300,2025-06-14 11:14:00,2751,Voice,56.69,East,Basic
CALL100418,CUST1658,2025-07-27 00:20:00,262,Voice,47.87,East,Basic
CALL100419,CUST1924,2025-10-21 10:55:00,769,Data,39.31,West,Standard
CALL100420,CUST1265,2025-06-20 08:12:00,2792,Voice,91.44,East,Basic
CALL100421,CUST1168,2025-05-24 01:20:00,2881,Voice,47.6,North,Premium
CALL100422,CUST1128,2025-06-27 00:34:00,1009,Voice,2.24,North,Basic
CALL100423,CUST1787,2025-12-27 11:18:00,422,SMS,87.83,East,Standard
CALL100424,CUST1346,2025-05-11 12:01:00,1658,SMS,8.99,North,Standard
CALL100425,CUST1494,2025-11-18 10:11:00,1852,Data,18.48,West,Standard
CALL100426,CUST1646,2025-02-28 20:08:00,1476,SMS,132.65,East,Premium
CALL100427,CUST1559,2025-12-15 18:19:00,1606,SMS,58.18,South,Standard
CALL100428,CUST1338,2025-02-17 21:11:00,2468,SMS,0.84,North,Basic
CALL100429,CUST1883,2025-12-09 01:58:00,2823,Voice,10.0,East,Standard
CALL100430,CUST1363,2025-08-24 07:10:00,2618,Voice,51.99,West,Premium
CALL100431,CUST1910,2025-08-29 05:29:00,1985,Voice,51.16,East,Premium
CALL100432,CUST1081,2025-04-09 18:43:00,2165,Voice,26.93,North,Standard
CALL100433,CUST1202,2025-10-11 16:29:00,1807,Voice,23.56,North,Basic
CALL100434,CUST1999,2025-12-24 18:09:00,548,Data,26.94,West,Premium
CALL100435,CUST1252,2025-06-23 18:39:00,2058,SMS,42.44,West,Premium
CALL100436,CUST1047,2025-04-28 11:28:00,330,Data,234.43,North,Standard
CALL100437,CUST1801,2025-05-27 10:10:00,3019,Voice,9.16,South,Premium
CALL100438,CUST1512,2025-04-26 21:40:00,2806,Voice,15.12,West,Standard
CALL100439,CUST1834,2025-04-16 02:55:00,2396,Voice,30.58,North,Premium
CALL100440,CUST1719,2025-12-04 15:02:00,418,Voice,43.48,East,Basic
CALL100441,CUST1757,2025-11-06 05:07:00,771,Voice,41.06,West,Basic
CALL100442,CUST1159,2025-03-31 22:28:00,1867,Voice,15.17,South,Standard
CALL100443,CUST1013,2025-01-26 21:25:00,143,Voice,45.85,East,Standard
CALL100444,CUST1554,2025-04-24 11:13:00,497,SMS,21.58,East,Standard
CALL100445,CUST1991,2025-02-07 07:06:00,607,Voice,33.04,South,Standard
CALL100446,CUST1748,2025-09-01 05:56:00,1204,SMS,20.45,South,Basic
CALL100447,CUST1352,2025-07-01 22:45:00,2974,Data,18.14,South,Basic
CALL100448,CUST1819,2025-01-04 03:33:00,1432,Data,7.23,East,Standard
CALL100449,CUST1060,2025-10-18 05:51:00,68,Data,12.96,West,Standard
CALL100450,CUST1973,2025-02-27 19:05:00,3360,SMS,2.4,West,Standard
CALL100451,CUST1545,2025-01-12 10:21:00,2718,Voice,43.38,West,Standard
CALL100452,CUST1477,2025-04-12 10:10:00,3568,Voice,85.34,South,Premium
CALL100453,CUST1342,2025-07-13 07:28:00,1377,Voice,147.82,South,Basic
CALL100454,CUST1455,2025-02-04 06:54:00,3017,SMS,10.0,North,Standard
CALL100455,CUST1330,2025-12-31 23:58:00,3293,Voice,21.71,North,Premium
CALL100456,CUST1103,2025-02-09 12:05:00,996,Voice,107.64,South,Premium
CALL100457,CUST1877,2025-08-24 01:15:00,3596,SMS,12.21,East,Basic
CALL100458,CUST1538,2025-08-19 19:22:00,848,Data,37.53,North,Basic
CALL100459,CUST1657,2025-12-22 11:44:00,303,Voice,10.7,East,Premium
CALL100460,CUST1026,2025-03-02 16:17:00,2059,Voice,158.81,East,Standard
CALL100461,CUST1144,2025-03-03 18:02:00,489,SMS,31.57,North,Standard
CALL100462,CUST1131,2025-12-06 14:10:00,3291,Voice,43.05,North,Basic
CALL100463,CUST1490,2025-11-19 09:54:00,2409,Voice,17.65,East,Standard
CALL100464,CUST1780,2025-09-02 21:53:00,3065,Voice,80.4,North,Standard
CALL100465,CUST1196,2025-07-05 20:56:00,2668,Voice,28.46,South,Basic
CALL100466,CUST1835,2025-02-05 23:15:00,1201,Voice,34.22,South,Basic
CALL100467,CUST1679,2025-08-25 08:52:00,2365,Voice,25.48,South,Standard
CALL100468,CUST1285,2025-09-16 15:00:00,2005,Voice,7.96,West,Basic
CALL100469,CUST1824,2025-09-05 23:30:00,1148,Voice,0.41,East,Standard
CALL100470,CUST1892,2025-11-06 13:38:00,993,Voice,168.85,West,Premium
CALL100471,CUST1054,2025-02-10 00:18:00,3501,Data,189.79,North,Basic
CALL100472,CUST1830,2025-09-22 22:31:00,3327,Voice,84.61,North,Premium
CALL100473,CUST1881,2025-01-02 06:29:00,498,Data,22.98,East,Standard
CALL100474,CUST1222,2025-10-11 07:26:00,2892,Voice,11.25,East,Basic
CALL100475,CUST1207,2025-02-20 23:33:00,267,Voice,132.82,West,Premium
CALL100476,CUST1694,2025-05-21 00:56:00,2416,Voice,124.99,West,Basic
CALL100477,CUST1379,2025-10-10 10:27:00,874,Voice,42.26,South,Basic
CALL100478,CUST1219,2025-01-24 12:29:00,2928,Voice,30.3,East,Premium
CALL100479,CUST1088,2025-03-15 18:11:00,2494,Data,28.22,North,Standard
CALL100480,CUST1284,2025-11-04 15:26:00,968,Voice,67.35,South,Standard
CALL100481,CUST1334,2025-05-31 11:17:00,3514,SMS,72.14,South,Standard
CALL100482,CUST1795,2025-05-05 21:18:00,814,Data,26.08,East,Basic
CALL100483,CUST1778,2025-05-26 21:57:00,1036,SMS,103.7,South,Premium
CALL100484,CUST1108,2025-01-25 22:26:00,496,Data,21.36,South,Standard
CALL100485,CUST1698,2025-08-28 23:57:00,2500,Voice,39.88,East,Standard
CALL100486,CUST1545,2025-08-11 12:56:00,901,SMS,29.36,North,Basic
CALL100487,CUST1333,2025-08-27 00:08:00,1273,Voice,10.39,West,Standard
CALL100488,CUST1648,2025-06-24 14:00:00,1338,Data,4.55,West,Premium
CALL100489,CUST1147,2025-06-25 15:17:00,1061,Data,54.16,North,Standard
CALL100490,CUST1776,2025-04-30 02:21:00,2977,Voice,7.85,East,Standard
CALL100491,CUST1722,2025-11-22 18:56:00,1887,SMS,167.22,East,Basic
CALL100492,CUST1156,2025-12-03 08:52:00,1563,Voice,3.43,North,Basic
CALL100493,CUST1613,2025-02-01 14:16:00,2158,Voice,5.3,South,Standard
CALL100494,CUST1623,2025-05-24 10:30:00,2046,Voice,11.2,North,Basic
CALL100495,CUST1665,2025-07-14 00:32:00,3075,Voice,111.91,North,Basic
CALL100496,CUST1944,2025-06-29 11:26:00,3091,Data,66.89,West,Premium
CALL100497,CUST1063,2025-11-27 03:26:00,1913,Voice,182.63,South,Basic
CALL100498,CUST1796,2025-04-22 09:35:00,1516,Voice,5.31,North,Standard
CALL100499,CUST1761,2025-06-12 17:23:00,50,Voice,64.44,North,Basic
CALL100500,CUST1002,2025-12-22 10:42:00,1095,Voice,28.98,West,Standard
CALL100501,CUST1813,2025-04-09 11:13:00,807,Voice,98.85,East,Basic
CALL100502,CUST1009,2025-12-27 16:35:00,1257,Data,23.24,South,Standard
CALL100503,CUST1426,2025-06-01 21:25:00,840,SMS,33.48,West,Standard
CALL100504,CUST1742,2025-08-21 17:09:00,2093,SMS,91.68,East,Basic
CALL100505,CUST1436,2025-02-12 09:14:00,522,SMS,26.3,West,Standard
CALL100506,CUST1681,2025-01-27 01:08:00,1253,Voice,44.3,South,Standard
CALL100507,CUST1214,2025-02-12 16:34:00,334,SMS,16.59,South,Basic
CALL100508,CUST1985,2025-05-01 08:24:00,2910,Voice,28.14,North,Standard
CALL100509,CUST1269,2025-08-04 12:38:00,2125,SMS,68.56,West,Premium
CALL100510,CUST1564,2025-03-20 09:59:00,1985,Voice,15.44,West,Standard
CALL100511,CUST1237,2025-08-19 18:00:00,2659,Voice,21.16,East,Standard
CALL100512,CUST1369,2025-04-10 02:03:00,1307,Voice,6.47,East,Standard
CALL100513,CUST1598,2025-05-18 06:14:00,1050,Data,11.22,West,Standard
CALL100514,CUST1050,2025-05-02 05:39:00,1323,Voice,135.51,North,Premium
CALL100515,CUST1144,2025-11-02 20:16:00,785,Data,3.21,West,Basic
CALL100516,CUST1039,2025-05-10 10:27:00,806,Data,15.69,South,Basic
CALL100517,CUST1472,2025-11-24 22:42:00,2165,Voice,32.17,North,Standard
CALL100518,CUST1602,2025-04-07 16:33:00,1958,Voice,13.74,East,Standard
CALL100519,CUST1242,2025-08-30 15:27:00,114,Voice,10.6,South,Basic
CALL100520,CUST1041,2025-07-25 04:47:00,2888,Data,66.8,East,Basic
CALL100521,CUST1383,2025-09-12 02:52:00,2060,Voice,114.98,South,Premium
CALL100522,CUST1080,2025-04-17 10:37:00,2071,Voice,118.76,South,Standard
CALL100523,CUST1081,2025-12-12 12:37:00,2536,Voice,58.61,North,Standard
CALL100524,CUST1073,2025-02-15 03:27:00,604,Data,9.35,East,Standard
CALL100525,CUST1856,2025-03-21 09:50:00,2982,Voice,10.44,West,Standard
CALL100526,CUST1697,2025-09-28 21:48:00,3323,SMS,77.85,North,Premium
CALL100527,CUST1397,2025-02-20 04:22:00,775,Voice,44.36,East,Standard
CALL100528,CUST1320,2025-01-16 00:36:00,1681,SMS,9.99,North,Standard
CALL100529,CUST1849,2025-12-24 04:14:00,3259,Data,4.99,West,Basic
CALL100530,CUST1252,2025-04-23 10:15:00,2786,Data,99.66,South,Basic
CALL100531,CUST1863,2025-04-15 01:26:00,714,Voice,51.71,South,Basic
CALL100532,CUST1910,2025-12-06 15:31:00,1212,Voice,62.78,East,Basic
CALL100533,CUST1729,2025-03-28 07:44:00,2955,Voice,3.21,North,Basic
CALL100534,CUST1527,2025-09-08 08:12:00,2232,Voice,84.38,West,Basic
CALL100535,CUST1610,2025-07-19 13:43:00,727,SMS,80.43,South,Standard
CALL100536,CUST2000,2025-11-06 15:59:00,2663,Voice,5.97,East,Standard
CALL100537,CUST1409,2025-04-28 07:42:00,581,Voice,66.43,West,Basic
CALL100538,CUST1983,2025-05-13 03:33:00,1936,SMS,141.18,West,Premium
CALL100539,CUST1602,2025-06-04 00:31:00,2468,Voice,112.37,North,Standard
CALL100540,CUST1211,2025-10-26 03:29:00,1427,SMS,53.85,North,Basic
CALL100541,CUST1306,2025-06-22 15:27:00,3150,Voice,27.15,South,Standard
CALL100542,CUST1086,2025-08-25 16:24:00,3350,SMS,33.95,West,Standard
CALL100543,CUST1370,2025-01-26 09:30:00,2959,Voice,0.96,South,Standard
CALL100544,CUST1187,2025-09-11 14:22:00,3523,SMS,2.94,West,Basic
CALL100545,CUST1568,2025-10-20 08:58:00,2224,Voice,40.84,North,Basic
CALL100546,CUST1449,2025-07-30 19:41:00,267,Voice,35.82,North,Premium
CALL100547,CUST1772,2025-07-01 11:14:00,2236,Voice,10.28,West,Premium
CALL100548,CUST1205,2025-04-12 03:10:00,3333,Voice,60.75,North,Premium
CALL100549,CUST1120,2025-07-17 13:56:00,2781,Voice,6.33,North,Premium
CALL100550,CUST1107,2025-03-15 13:09:00,1230,Voice,1.88,East,Basic
CALL100551,CUST1328,2025-11-23 17:48:00,1854,Voice,17.98,East,Standard
CALL100552,CUST1301,2025-02-12 03:22:00,2058,Voice,43.76,East,Standard
CALL100553,CUST1387,2025-07-30 19:06:00,668,Data,60.37,West,Standard
CALL100554,CUST1696,2025-06-01 02:28:00,2530,Voice,19.02,West,Standard
CALL100555,CUST1837,2025-03-12 02:19:00,1407,Voice,9.1,East,Standard
CALL100556,CUST1847,2025-08-30 12:11:00,1984,Voice,82.76,North,Standard
CALL100557,CUST1650,2025-11-16 23:33:00,3541,Data,0.09,West,Premium
CALL100558,CUST1627,2025-02-27 06:25:00,377,Voice,139.5,West,Standard
CALL100559,CUST1118,2025-07-27 09:40:00,3318,Data,71.54,East,Basic
CALL100560,CUST1060,2025-06-03 07:20:00,1705,SMS,27.31,South,Premium
CALL100561,CUST1412,2025-01-29 05:34:00,893,Voice,2.73,West,Standard
CALL100562,CUST1943,2025-06-01 21:50:00,2644,Voice,42.65,North,Basic
CALL100563,CUST1857,2025-08-18 22:08:00,1569,Data,20.81,West,Basic
CALL100564,CUST1467,2025-01-11 07:03:00,687,Voice,16.75,South,Standard
CALL100565,CUST1561,2025-03-25 04:18:00,2990,Voice,52.97,East,Standard
CALL100566,CUST1663,2025-01-15 14:46:00,1213,Data,89.46,East,Basic
CALL100567,CUST1297,2025-07-16 14:12:00,2138,Voice,9.08,North,Standard
CALL100568,CUST1760,2025-11-24 14:15:00,224,SMS,34.67,West,Basic
CALL100569,CUST1568,2025-06-20 05:57:00,1837,Voice,39.73,East,Standard
CALL100570,CUST1012,2025-10-21 08:52:00,1012,Data,64.46,West,Basic
CALL100571,CUST1969,2025-01-01 16:52:00,1144,Voice,36.82,South,Basic
CALL100572,CUST1863,2025-05-30 01:30:00,968,Voice,168.04,East,Basic
CALL100573,CUST1202,2025-07-06 16:13:00,2465,Data,79.07,West,Basic
CALL100574,CUST1082,2025-07-27 08:02:00,790,Voice,85.62,North,Standard
CALL100575,CUST1130,2025-09-03 22:29:00,2037,Data,20.62,West,Standard
CALL100576,CUST1091,2025-06-18 18:54:00,127,Voice,243.33,South,Standard
CALL100577,CUST1329,2025-05-15 03:33:00,3583,Data,45.69,East,Standard
CALL100578,CUST1309,2025-06-09 01:41:00,3491,SMS,48.32,North,Standard
CALL100579,CUST1321,2025-06-17 14:54:00,2170,SMS,23.43,North,Standard
CALL100580,CUST1027,2025-05-23 08:28:00,1696,Voice,2.26,East,Standard
CALL100581,CUST1025,2025-10-03 23:39:00,1547,Data,30.67,North,Premium
CALL100582,CUST1717,2025-05-09 07:48:00,687,Voice,26.34,South,Standard
CALL100583,CUST1941,2025-08-08 18:14:00,2327,Voice,10.11,South,Basic
CALL100584,CUST1687,2025-11-14 22:01:00,1448,Data,43.51,South,Standard
CALL100585,CUST1136,2025-08-10 01:45:00,1409,Data,101.23,East,Basic
CALL100586,CUST1414,2025-05-05 11:04:00,2726,Voice,74.26,South,Standard
CALL100587,CUST1517,2025-01-02 05:01:00,1277,Data,261.66,North,Basic
CALL100588,CUST1610,2025-08-08 20:45:00,1127,SMS,1.12,North,Basic
CALL100589,CUST1732,2025-03-02 02:33:00,3146,Data,166.71,West,Standard
CALL100590,CUST1030,2025-06-05 02:28:00,3304,Data,59.26,West,Basic
CALL100591,CUST1078,2025-12-22 21:50:00,1022,Voice,121.27,South,Basic
CALL100592,CUST1247,2025-08-16 14:12:00,3063,Data,17.54,West,Basic
CALL100593,CUST1475,2025-04-03 19:40:00,40,Data,32.8,North,Standard
CALL100594,CUST1026,2025-02-26 23:29:00,2707,SMS,166.69,East,Basic
CALL100595,CUST1856,2025-11-03 12:04:00,3534,Voice,163.08,East,Basic
CALL100596,CUST1747,2025-10-05 22:11:00,3564,Voice,6.19,South,Standard
CALL100597,CUST1133,2025-07-09 07:58:00,110,Voice,12.48,North,Basic
CALL100598,CUST1018,2025-01-17 01:41:00,1959,SMS,82.52,North,Basic
CALL100599,CUST1435,2025-07-13 07:58:00,2782,Data,72.69,East,Basic
CALL100600,CUST1316,2025-09-18 03:01:00,1051,Voice,108.67,South,Standard
CALL100601,CUST1419,2025-02-23 07:36:00,81,Voice,31.54,East,Standard
CALL100602,CUST1000,2025-03-20 00:53:00,2032,Voice,9.91,North,Premium
CALL100603,CUST1474,2025-09-12 14:02:00,1241,SMS,9.92,West,Basic
CALL100604,CUST1144,2025-06-28 00:07:00,3192,Voice,2.53,East,Standard
CALL100605,CUST1001,2025-10-08 22:18:00,2122,SMS,57.78,East,Standard
CALL100606,CUST1983,2025-11-18 05:40:00,2994,Voice,91.74,West,Standard
CALL100607,CUST1108,2025-08-02 13:05:00,580,SMS,130.82,East,Premium
CALL100608,CUST1733,2025-01-24 17:07:00,2420,SMS,22.86,South,Basic
CALL100609,CUST1650,2025-01-11 10:17:00,965,Voice,2.44,South,Standard
CALL100610,CUST1498,2025-04-05 10:10:00,70,SMS,32.17,North,Basic
CALL100611,CUST1558,2025-08-07 13:13:00,2289,Data,15.73,East,Basic
CALL100612,CUST1205,2025-07-15 14:12:00,640,Voice,137.35,North,Standard
CALL100613,CUST1950,2025-07-21 01:15:00,1599,Voice,9.41,South,Standard
CALL100614,CUST1515,2025-10-08 01:01:00,1994,Voice,25.37,North,Basic
CALL100615,CUST1913,2025-12-08 20:50:00,664,Voice,71.15,West,Premium
CALL100616,CUST1892,2025-09-07 13:57:00,666,Voice,15.24,North,Premium
CALL100617,CUST1799,2025-10-24 03:03:00,39,Voice,8.23,East,Standard
CALL100618,CUST1526,2025-04-26 15:19:00,3062,SMS,14.02,South,Standard
CALL100619,CUST1267,2025-07-15 16:54:00,3276,Voice,29.03,East,Premium
CALL100620,CUST1909,2025-07-23 03:49:00,3038,Voice,61.75,West,Standard
CALL100621,CUST1672,2025-12-09 13:13:00,242,Voice,40.48,South,Standard
CALL100622,CUST1803,2025-08-06 07:18:00,2117,Data,13.73,East,Premium
CALL100623,CUST1262,2025-08-20 11:04:00,415,Data,6.74,West,Basic
CALL100624,CUST1838,2025-03-26 03:05:00,2103,Voice,4.84,West,Basic
CALL100625,CUST1262,2025-03-11 08:41:00,994,Voice,102.81,East,Standard
CALL100626,CUST1564,2025-02-28 11:45:00,1162,Voice,4.95,West,Basic
CALL100627,CUST1507,2025-04-07 22:48:00,1546,Voice,54.45,North,Basic
CALL100628,CUST1111,2025-04-24 22:18:00,249,Voice,9.02,West,Standard
CALL100629,CUST1387,2025-03-24 11:37:00,3213,Voice,10.88,East,Standard
CALL100630,CUST1694,2025-03-08 10:37:00,1375,Voice,74.12,West,Premium
CALL100631,CUST1473,2025-01-28 18:53:00,2765,Voice,55.62,South,Standard
CALL100632,CUST1627,2025-09-28 10:18:00,829,Data,32.1,West,Standard
CALL100633,CUST1014,2025-09-25 17:36:00,217,Data,122.67,South,Standard
CALL100634,CUST1286,2025-09-21 21:30:00,1529,Data,17.2,East,Standard
CALL100635,CUST1731,2025-06-06 16:27:00,3478,Voice,2.74,South,Premium
CALL100636,CUST1504,2025-04-14 10:57:00,2862,SMS,56.85,North,Basic
CALL100637,CUST1927,2025-05-25 22:13:00,3417,SMS,4.79,North,Standard
CALL100638,CUST1720,2025-02-03 08:54:00,2047,Data,109.33,West,Standard
CALL100639,CUST1965,2025-10-06 07:03:00,507,SMS,25.38,West,Premium
CALL100640,CUST1006,2025-09-17 14:52:00,167,Voice,51.75,North,Standard
CALL100641,CUST1624,2025-12-25 11:06:00,2341,SMS,7.22,East,Standard
CALL100642,CUST1576,2025-06-10 06:28:00,1215,SMS,71.5,West,Standard
CALL100643,CUST1418,2025-09-19 06:23:00,2138,Data,136.81,West,Standard
CALL100644,CUST1776,2025-02-18 06:40:00,1929,Data,44.28,North,Premium
CALL100645,CUST1125,2025-12-31 17:18:00,600,Voice,14.05,North,Standard
CALL100646,CUST1311,2025-04-24 12:17:00,251,Voice,11.22,South,Basic
CALL100647,CUST1988,2025-09-16 19:28:00,987,SMS,0.11,North,Standard
CALL100648,CUST1173,2025-12-10 09:29:00,233,Data,59.62,East,Standard
CALL100649,CUST1303,2025-09-27 09:22:00,3025,Voice,0.22,North,Basic
CALL100650,CUST1157,2025-05-09 22:49:00,3453,Data,20.24,North,Standard
CALL100651,CUST1004,2025-07-14 23:59:00,1400,Voice,8.79,West,Standard
CALL100652,CUST1914,2025-05-31 05:20:00,1499,SMS,114.34,South,Standard
CALL100653,CUST1946,2025-09-19 07:34:00,1317,Voice,17.34,West,Basic
CALL100654,CUST1217,2025-02-07 16:19:00,1510,Data,18.4,East,Standard
CALL100655,CUST1837,2025-09-16 22:14:00,1051,Voice,62.05,North,Premium
CALL100656,CUST1796,2025-04-10 21:48:00,1637,Voice,72.24,South,Premium
CALL100657,CUST1961,2025-03-15 14:35:00,2830,Voice,15.31,South,Premium
CALL100658,CUST1204,2025-10-15 06:23:00,3306,Data,120.99,North,Premium
CALL100659,CUST1555,2025-01-02 21:51:00,3386,SMS,17.41,North,Basic
CALL100660,CUST1274,2025-03-03 17:07:00,1109,Data,69.58,North,Basic
CALL100661,CUST1213,2025-03-04 18:03:00,3503,Voice,83.93,South,Standard
CALL100662,CUST1899,2025-09-30 13:51:00,2347,Data,38.51,East,Standard
CALL100663,CUST1359,2025-01-21 15:41:00,2225,Voice,7.4,East,Premium
CALL100664,CUST1765,2025-03-09 14:20:00,2278,Voice,14.95,West,Basic
CALL100665,CUST1459,2025-03-02 11:11:00,95,Data,61.57,North,Basic
CALL100666,CUST1390,2025-09-18 13:02:00,2142,Voice,74.05,West,Standard
CALL100667,CUST1007,2025-11-05 18:07:00,3555,Voice,19.01,East,Standard
CALL100668,CUST1278,2025-04-06 14:02:00,2234,Voice,19.22,North,Standard
CALL100669,CUST1213,2025-07-16 13:32:00,3301,Data,6.24,East,Basic
CALL100670,CUST1293,2025-06-02 18:32:00,1612,Voice,31.34,East,Standard
CALL100671,CUST1563,2025-05-03 13:59:00,711,SMS,12.64,West,Premium
CALL100672,CUST1702,2025-06-10 03:55:00,997,Voice,92.53,West,Standard
CALL100673,CUST1779,2025-01-27 21:00:00,2555,SMS,23.89,North,Premium
CALL100674,CUST1661,2025-12-10 10:20:00,812,Data,54.43,East,Standard
CALL100675,CUST1419,2025-03-04 04:31:00,3262,Data,16.88,East,Basic
CALL100676,CUST1809,2025-06-23 08:55:00,2035,Voice,15.82,West,Standard
CALL100677,CUST1315,2025-01-08 23:45:00,2293,Data,3.5,South,Standard
CALL100678,CUST1028,2025-09-19 16:09:00,2097,Voice,10.7,North,Standard
CALL100679,CUST1621,2025-10-04 21:30:00,3083,Data,54.38,North,Standard
CALL100680,CUST1818,2025-11-15 19:33:00,2863,Data,76.34,East,Standard
CALL100681,CUST1587,2025-11-28 01:30:00,741,Voice,12.39,East,Standard
CALL100682,CUST1538,2025-03-16 00:35:00,2462,Voice,6.18,North,Standard
CALL100683,CUST1178,2025-02-15 19:07:00,569,Voice,35.66,East,Standard
CALL100684,CUST1516,2025-05-31 04:28:00,144,Voice,36.52,South,Standard
CALL100685,CUST1970,2025-11-22 22:18:00,3142,Data,89.79,North,Premium
CALL100686,CUST1380,2025-03-12 07:44:00,3319,Voice,17.12,West,Standard
CALL100687,CUST1357,2025-05-13 06:49:00,1854,SMS,59.68,North,Standard
CALL100688,CUST1889,2025-06-26 16:05:00,2855,SMS,33.2,East,Standard
CALL100689,CUST1547,2025-12-26 08:24:00,2007,Voice,7.21,West,Premium
CALL100690,CUST1502,2025-03-24 23:20:00,1410,Voice,30.04,North,Standard
CALL100691,CUST1431,2025-07-06 20:42:00,1407,Data,7.08,North,Standard
CALL100692,CUST1935,2025-01-21 02:10:00,2684,Voice,144.27,North,Premium
CALL100693,CUST1905,2025-03-11 18:47:00,2203,Voice,3.69,South,Standard
CALL100694,CUST1632,2025-11-12 11:58:00,1799,Voice,29.68,North,Premium
CALL100695,CUST1309,2025-03-27 16:07:00,1339,Voice,215.84,East,Basic
CALL100696,CUST1937,2025-11-03 14:36:00,1679,Voice,54.09,South,Premium
CALL100697,CUST1270,2025-11-07 04:17:00,1701,Data,65.37,North,Basic
CALL100698,CUST1170,2025-04-09 13:21:00,1672,Voice,12.45,East,Premium
CALL100699,CUST1929,2025-02-03 14:06:00,1348,Data,1.41,East,Standard
CALL100700,CUST1663,2025-01-02 16:26:00,3277,Voice,62.11,West,Basic
CALL100701,CUST1992,2025-03-23 22:23:00,86,Data,190.75,North,Standard
CALL100702,CUST1553,2025-12-07 03:30:00,3304,SMS,27.12,East,Premium
CALL100703,CUST1504,2025-03-14 04:07:00,2002,Voice,46.26,East,Premium
CALL100704,CUST1056,2025-06-02 14:15:00,2440,SMS,73.95,South,Standard
CALL100705,CUST1404,2025-12-02 21:37:00,3509,Voice,133.75,North,Basic
CALL100706,CUST1067,2025-08-26 08:42:00,2578,Voice,9.22,South,Standard
CALL100707,CUST1207,2025-07-03 03:51:00,3088,Voice,23.0,South,Basic
CALL100708,CUST1964,2025-07-12 17:19:00,2166,Voice,111.98,West,Standard
CALL100709,CUST1003,2025-07-03 14:00:00,350,Voice,11.04,East,Standard
CALL100710,CUST1241,2025-07-23 18:19:00,2093,SMS,68.44,East,Standard
CALL100711,CUST1850,2025-12-17 20:19:00,804,Voice,20.03,West,Standard
CALL100712,CUST1130,2025-02-14 08:48:00,2905,SMS,11.42,South,Basic
CALL100713,CUST1739,2025-07-26 03:40:00,2211,Data,21.16,South,Premium
CALL100714,CUST1701,2025-06-05 14:27:00,2431,Voice,5.28,West,Standard
CALL100715,CUST1082,2025-09-23 10:03:00,3048,Data,119.15,North,Premium
CALL100716,CUST1052,2025-01-13 15:43:00,1771,Voice,47.89,South,Standard
CALL100717,CUST1795,2025-02-05 16:45:00,2995,Voice,24.92,West,Standard
CALL100718,CUST1197,2025-09-26 07:00:00,1377,Voice,63.8,South,Standard
CALL100719,CUST1691,2025-05-24 07:26:00,420,Voice,157.85,North,Premium
CALL100720,CUST1087,2025-09-05 20:42:00,2354,Voice,15.82,East,Standard
CALL100721,CUST1582,2025-11-10 13:31:00,623,Voice,20.09,South,Standard
CALL100722,CUST1492,2025-06-02 13:59:00,1648,Data,16.34,South,Standard
CALL100723,CUST1278,2025-09-16 17:17:00,606,Voice,13.2,East,Standard
CALL100724,CUST1568,2025-09-05 05:00:00,2198,SMS,123.89,South,Basic
CALL100725,CUST1712,2025-06-17 08:35:00,1779,Voice,93.74,East,Premium
CALL100726,CUST1729,2025-10-10 09:34:00,269,Voice,54.48,South,Premium
CALL100727,CUST1355,2025-03-07 17:15:00,477,Voice,2.91,North,Standard
CALL100728,CUST1207,2025-09-15 12:45:00,3092,Voice,19.0,South,Basic
CALL100729,CUST1275,2025-06-16 01:30:00,1818,Voice,64.13,South,Basic
CALL100730,CUST1234,2025-06-13 15:45:00,2333,Data,11.64,North,Basic
CALL100731,CUST1881,2025-07-20 19:00:00,734,Voice,36.8,South,Standard
CALL100732,CUST1040,2025-02-18 08:51:00,1905,Data,150.85,East,Standard
CALL100733,CUST1083,2025-08-01 03:35:00,1636,Voice,28.85,South,Premium
CALL100734,CUST1334,2025-07-03 16:16:00,1347,SMS,161.42,West,Standard
CALL100735,CUST1696,2025-05-01 17:23:00,1400,Data,75.8,West,Standard
CALL100736,CUST1666,2025-07-29 09:17:00,819,Data,178.42,West,Premium
CALL100737,CUST1334,2025-03-20 02:32:00,615,SMS,26.68,East,Basic
CALL100738,CUST1808,2025-03-02 14:51:00,1172,Voice,111.78,North,Standard
CALL100739,CUST1352,2025-12-08 23:36:00,998,Voice,74.21,South,Standard
CALL100740,CUST1208,2025-10-29 01:00:00,949,Data,113.79,South,Standard
CALL100741,CUST1048,2025-03-18 03:03:00,216,Voice,94.13,West,Premium
CALL100742,CUST1366,2025-05-14 12:28:00,3057,Voice,118.01,North,Standard
CALL100743,CUST1456,2025-09-18 17:10:00,888,Voice,45.66,East,Standard
CALL100744,CUST1865,2025-04-14 22:38:00,2091,Data,148.25,South,Standard
CALL100745,CUST1035,2025-02-21 18:13:00,2867,SMS,53.42,West,Standard
CALL100746,CUST1041,2025-06-17 12:22:00,1235,Voice,73.59,East,Basic
CALL100747,CUST1201,2025-02-04 03:26:00,228,Voice,30.0,South,Standard
CALL100748,CUST1925,2025-02-11 14:02:00,2855,Data,9.39,North,Premium
CALL100749,CUST1260,2025-05-24 19:30:00,1696,Data,131.29,West,Basic
CALL100750,CUST1964,2025-09-01 00:24:00,1525,Voice,91.81,West,Standard
CALL100751,CUST1583,2025-12-06 21:27:00,2842,Data,11.58,North,Basic
CALL100752,CUST1088,2025-03-28 10:43:00,288,Data,77.57,East,Basic
CALL100753,CUST1495,2025-12-18 09:39:00,2731,Voice,16.65,North,Standard
CALL100754,CUST1803,2025-01-05 18:59:00,2442,Voice,63.84,South,Standard
CALL100755,CUST1441,2025-07-31 18:49:00,1232,SMS,203.73,West,Basic
CALL100756,CUST1395,2025-12-06 19:40:00,2021,SMS,55.47,North,Premium
CALL100757,CUST1882,2025-02-10 02:53:00,1179,Data,64.68,West,Standard
CALL100758,CUST1900,2025-09-18 13:58:00,1784,Voice,3.19,East,Basic
CALL100759,CUST1787,2025-08-10 00:19:00,2696,Data,292.05,North,Premium
CALL100760,CUST1553,2025-05-21 19:41:00,3035,Voice,141.07,South,Basic
CALL100761,CUST1955,2025-12-06 01:40:00,1833,Voice,19.23,North,Standard
CALL100762,CUST1788,2025-06-29 19:29:00,1830,Voice,1.04,North,Basic
CALL100763,CUST1968,2025-03-12 10:39:00,1626,Voice,135.95,South,Standard
CALL100764,CUST1200,2025-08-03 00:36:00,3438,Voice,95.34,East,Standard
CALL100765,CUST1851,2025-04-11 20:43:00,655,Data,43.67,North,Standard
CALL100766,CUST1733,2025-09-25 23:44:00,489,SMS,29.23,South,Standard
CALL100767,CUST1053,2025-06-11 00:46:00,1481,Voice,17.56,East,Basic
CALL100768,CUST1872,2025-08-13 23:01:00,1260,SMS,101.99,West,Basic
CALL100769,CUST2000,2025-01-13 10:27:00,281,SMS,17.0,West,Standard
CALL100770,CUST1066,2025-10-31 22:54:00,899,Voice,16.59,East,Standard
CALL100771,CUST1474,2025-02-23 21:24:00,2376,Voice,7.3,East,Standard
CALL100772,CUST1550,2025-04-11 23:22:00,1414,Voice,10.78,North,Standard
CALL100773,CUST1890,2025-01-01 11:14:00,2294,SMS,16.18,South,Premium
CALL100774,CUST1554,2025-08-19 06:39:00,313,Voice,22.49,North,Standard
CALL100775,CUST1300,2025-11-03 00:53:00,2419,Voice,11.8,South,Basic
CALL100776,CUST1197,2025-04-24 05:19:00,217,Voice,46.73,South,Standard
CALL100777,CUST1730,2025-08-10 06:36:00,950,Data,49.96,South,Premium
CALL100778,CUST1559,2025-11-05 19:59:00,3312,SMS,0.0,West,Standard
CALL100779,CUST1672,2025-04-06 02:10:00,1175,SMS,2.52,South,Basic
CALL100780,CUST1018,2025-06-26 03:12:00,689,Voice,0.88,South,Premium
CALL100781,CUST1779,2025-03-05 10:36:00,1688,SMS,152.37,West,Basic
CALL100782,CUST1256,2025-10-03 12:22:00,347,Voice,65.36,North,Standard
CALL100783,CUST1165,2025-06-08 00:57:00,3436,Voice,6.11,North,Premium
CALL100784,CUST1303,2025-12-17 01:23:00,979,Voice,112.91,East,Premium
CALL100785,CUST1714,2025-05-14 02:19:00,2534,Voice,109.24,South,Standard
CALL100786,CUST1422,2025-02-03 00:04:00,1502,Voice,28.38,East,Standard
CALL100787,CUST1497,2025-08-31 01:43:00,2849,SMS,5.0,West,Standard
CALL100788,CUST1113,2025-09-29 12:45:00,1175,Voice,67.06,East,Standard
CALL100789,CUST1391,2025-02-01 15:18:00,298,Voice,218.87,West,Standard
CALL100790,CUST1884,2025-04-29 19:47:00,2077,Data,154.15,East,Basic
CALL100791,CUST1523,2025-12-12 12:57:00,3138,Data,218.19,South,Basic
CALL100792,CUST1367,2025-08-27 13:35:00,2760,SMS,168.87,South,Premium
CALL100793,CUST1687,2025-06-16 07:51:00,2435,SMS,4.61,South,Premium
CALL100794,CUST1922,2025-09-03 20:30:00,2683,Voice,35.98,South,Standard
CALL100795,CUST1330,2025-11-03 22:52:00,2420,Voice,58.59,North,Standard
CALL100796,CUST1647,2025-01-22 08:51:00,2122,SMS,69.78,North,Standard
CALL100797,CUST1159,2025-04-07 05:54:00,3313,SMS,51.65,West,Basic
CALL100798,CUST1048,2025-01-17 16:08:00,1083,Voice,72.27,South,Standard
CALL100799,CUST1930,2025-11-06 19:32:00,1876,SMS,74.56,East,Basic
CALL100800,CUST1512,2025-11-03 22:36:00,956,Voice,26.28,South,Standard
CALL100801,CUST1054,2025-08-30 01:26:00,2286,Data,6.73,West,Standard
CALL100802,CUST1185,2025-07-30 08:48:00,1742,SMS,128.84,North,Basic
CALL100803,CUST1314,2025-12-05 08:41:00,605,Data,81.03,North,Basic
CALL100804,CUST1267,2025-07-08 11:32:00,1416,Voice,94.66,West,Basic
CALL100805,CUST1382,2025-03-29 19:22:00,233,Voice,10.7,East,Standard
CALL100806,CUST1559,2025-06-15 16:37:00,1142,SMS,107.29,North,Basic
CALL100807,CUST1427,2025-08-24 14:45:00,849,Data,16.16,East,Standard
CALL100808,CUST1545,2025-03-21 09:46:00,1766,SMS,3.8,West,Basic
CALL100809,CUST1537,2025-02-19 03:29:00,2994,Data,7.98,West,Premium
CALL100810,CUST1679,2025-05-17 08:49:00,608,Voice,34.37,North,Premium
CALL100811,CUST1842,2025-06-12 19:34:00,35,Voice,65.25,North,Basic
CALL100812,CUST1845,2025-01-08 07:13:00,1118,Voice,122.56,West,Standard
CALL100813,CUST1982,2025-04-03 17:12:00,1419,Data,89.19,West,Standard
CALL100814,CUST1979,2025-03-10 12:15:00,3187,SMS,30.14,East,Premium
CALL100815,CUST1417,2025-12-08 06:59:00,3275,Voice,60.69,West,Basic
CALL100816,CUST1734,2025-12-06 03:16:00,2161,Voice,62.21,South,Standard
CALL100817,CUST1411,2025-10-31 18:18:00,2334,Voice,37.56,South,Standard
CALL100818,CUST1059,2025-09-01 00:39:00,879,Voice,55.58,West,Standard
CALL100819,CUST1353,2025-04-03 07:01:00,1271,Voice,40.95,South,Premium
CALL100820,CUST1960,2025-03-30 13:01:00,1792,Data,51.1,North,Basic
CALL100821,CUST1712,2025-05-14 09:23:00,2572,Data,42.65,South,Basic
CALL100822,CUST1749,2025-07-08 03:06:00,2416,Voice,87.02,East,Premium
CALL100823,CUST1280,2025-10-06 05:41:00,3170,Voice,41.18,North,Standard
CALL100824,CUST1410,2025-09-30 08:44:00,1172,Voice,22.58,West,Premium
CALL100825,CUST1979,2025-03-28 17:27:00,1733,Voice,125.1,South,Standard
CALL100826,CUST1132,2025-02-02 14:38:00,1193,Voice,2.95,South,Premium
CALL100827,CUST1864,2025-01-13 10:55:00,475,Voice,5.33,North,Standard
CALL100828,CUST1388,2025-07-31 11:34:00,750,Voice,175.51,West,Basic
CALL100829,CUST1727,2025-02-14 03:42:00,3481,Voice,38.29,North,Basic
CALL100830,CUST1570,2025-11-04 09:05:00,2595,Data,39.82,West,Standard
CALL100831,CUST1164,2025-08-11 20:13:00,3450,Data,266.16,North,Standard
CALL100832,CUST1846,2025-10-21 17:15:00,2043,Voice,29.05,East,Standard
CALL100833,CUST1104,2025-06-27 07:01:00,1901,Voice,19.97,North,Basic
CALL100834,CUST1570,2025-09-30 13:58:00,225,SMS,12.36,West,Basic
CALL100835,CUST1221,2025-02-07 03:44:00,1938,Voice,2.52,East,Standard
CALL100836,CUST1361,2025-09-10 12:51:00,436,Voice,26.77,South,Standard
CALL100837,CUST1010,2025-07-15 10:50:00,2530,SMS,6.13,East,Basic
CALL100838,CUST1841,2025-02-08 01:47:00,2882,Voice,27.54,North,Basic
CALL100839,CUST1037,2025-05-02 14:30:00,1528,Voice,54.61,East,Standard
CALL100840,CUST1753,2025-08-28 21:52:00,874,SMS,8.54,East,Standard
CALL100841,CUST1656,2025-05-13 13:48:00,2879,SMS,67.45,North,Standard
CALL100842,CUST1432,2025-01-12 08:52:00,2449,Voice,27.76,North,Basic
CALL100843,CUST1473,2025-07-30 13:18:00,1190,Voice,51.84,South,Basic
CALL100844,CUST1013,2025-07-21 05:24:00,2619,SMS,12.02,West,Standard
CALL100845,CUST1022,2025-04-26 06:49:00,2658,SMS,49.71,South,Premium
CALL100846,CUST1251,2025-10-03 12:01:00,1312,SMS,110.95,South,Standard
CALL100847,CUST1121,2025-05-01 12:29:00,2011,Data,102.26,South,Standard
CALL100848,CUST1404,2025-03-01 14:11:00,2687,SMS,181.23,West,Basic
CALL100849,CUST1972,2025-04-06 03:36:00,1162,Data,53.95,West,Premium
CALL100850,CUST1810,2025-10-25 17:51:00,3093,Voice,98.69,East,Basic
CALL100851,CUST1015,2025-06-17 00:04:00,1075,Voice,36.27,North,Basic
CALL100852,CUST1118,2025-12-02 03:42:00,2844,Voice,18.86,East,Premium
CALL100853,CUST1854,2025-06-14 03:52:00,175,Data,27.65,East,Standard
CALL100854,CUST1450,2025-11-06 05:43:00,1935,SMS,39.6,East,Standard
CALL100855,CUST1556,2025-01-06 13:33:00,2721,Voice,4.95,South,Premium
CALL100856,CUST1862,2025-05-25 17:28:00,955,SMS,9.02,East,Standard
CALL100857,CUST1379,2025-08-07 18:37:00,865,Voice,183.46,North,Standard
CALL100858,CUST1042,2025-08-16 22:41:00,2608,Voice,193.65,South,Basic
CALL100859,CUST1556,2025-06-07 11:12:00,956,Voice,64.61,North,Premium
CALL100860,CUST1688,2025-06-05 01:33:00,2582,SMS,81.09,South,Premium
CALL100861,CUST1956,2025-06-14 05:09:00,3510,Data,11.4,North,Standard
CALL100862,CUST1092,2025-09-29 00:47:00,1585,Voice,175.99,South,Standard
CALL100863,CUST1192,2025-03-16 22:28:00,3184,Voice,14.79,North,Premium
CALL100864,CUST1555,2025-02-15 22:46:00,989,SMS,39.8,West,Standard
CALL100865,CUST1629,2025-10-15 01:25:00,779,Data,53.3,West,Standard
CALL100866,CUST1081,2025-10-31 20:18:00,1604,Voice,13.05,East,Standard
CALL100867,CUST1196,2025-01-11 06:21:00,2963,Voice,46.67,West,Standard
CALL100868,CUST1889,2025-02-25 16:39:00,1165,SMS,62.96,West,Standard
CALL100869,CUST1094,2025-03-06 13:06:00,126,Voice,38.22,East,Standard
CALL100870,CUST1179,2025-09-08 00:32:00,1117,SMS,31.17,North,Premium
CALL100871,CUST1470,2025-07-06 23:51:00,3258,Data,109.11,East,Basic
CALL100872,CUST1424,2025-08-29 04:58:00,2359,SMS,3.57,South,Standard
CALL100873,CUST1206,2025-01-16 13:47:00,3410,Voice,105.89,North,Standard
CALL100874,CUST1218,2025-04-08 18:40:00,2907,Voice,58.26,North,Standard
CALL100875,CUST1428,2025-07-17 04:21:00,899,Voice,114.09,South,Premium
CALL100876,CUST1171,2025-04-28 16:52:00,3112,SMS,78.4,North,Standard
CALL100877,CUST1701,2025-07-01 10:03:00,3061,Voice,49.53,South,Basic
CALL100878,CUST1318,2025-06-05 15:08:00,1159,Data,30.47,East,Premium
CALL100879,CUST1020,2025-12-07 20:44:00,1427,SMS,51.81,East,Basic
CALL100880,CUST1289,2025-08-25 15:34:00,968,Voice,146.64,South,Basic
CALL100881,CUST1681,2025-12-03 16:24:00,1735,SMS,30.72,South,Premium
CALL100882,CUST1210,2025-04-12 23:29:00,1890,Voice,4.27,South,Basic
CALL100883,CUST1928,2025-02-20 21:10:00,397,Voice,17.7,South,Basic
CALL100884,CUST1762,2025-03-27 21:51:00,3058,SMS,103.77,West,Standard
CALL100885,CUST1523,2025-09-05 16:49:00,2703,Voice,40.76,South,Premium
CALL100886,CUST1397,2025-06-21 04:26:00,1925,Voice,66.23,West,Basic
CALL100887,CUST1283,2025-04-09 18:54:00,836,Voice,62.1,North,Basic
CALL100888,CUST1562,2025-10-29 13:03:00,3127,Voice,48.61,North,Premium
CALL100889,CUST1458,2025-07-25 18:36:00,485,Data,34.52,North,Standard
CALL100890,CUST1681,2025-08-24 12:35:00,922,SMS,44.58,North,Standard
CALL100891,CUST1250,2025-02-10 11:12:00,2686,Voice,2.22,North,Basic
CALL100892,CUST1318,2025-06-16 23:24:00,574,Voice,64.62,East,Premium
CALL100893,CUST1183,2025-09-18 05:37:00,45,Voice,31.84,South,Standard
CALL100894,CUST1832,2025-02-19 10:07:00,2257,Voice,52.68,North,Premium
CALL100895,CUST1343,2025-09-17 13:30:00,57,Voice,90.98,North,Basic
CALL100896,CUST1452,2025-05-25 11:17:00,2909,Voice,7.12,East,Standard
CALL100897,CUST1521,2025-10-23 07:32:00,141,Voice,3.93,West,Standard
CALL100898,CUST1542,2025-06-16 14:29:00,2254,Voice,125.62,East,Basic
CALL100899,CUST1287,2025-12-07 23:40:00,3214,Voice,189.41,West,Basic
CALL100900,CUST1060,2025-03-30 14:00:00,3485,SMS,22.87,West,Standard
CALL100901,CUST1134,2025-03-22 04:27:00,2234,SMS,28.17,South,Basic
CALL100902,CUST1874,2025-07-21 19:06:00,1320,Data,22.94,East,Standard
CALL100903,CUST1666,2025-02-14 17:51:00,1761,Voice,18.28,South,Standard
CALL100904,CUST1924,2025-07-17 08:12:00,2257,Data,7.94,East,Standard
CALL100905,CUST1496,2025-04-28 04:52:00,198,SMS,19.95,East,Standard
CALL100906,CUST1552,2025-09-11 15:12:00,2803,Voice,17.92,East,Standard
CALL100907,CUST1457,2025-02-11 04:33:00,3578,Voice,24.68,West,Basic
CALL100908,CUST1068,2025-12-09 08:42:00,3243,Voice,72.41,South,Standard
CALL100909,CUST1562,2025-06-04 08:07:00,3047,Data,89.93,East,Standard
CALL100910,CUST1137,2025-06-20 20:32:00,457,SMS,65.86,West,Basic
CALL100911,CUST1680,2025-01-23 22:33:00,3500,Voice,143.61,South,Standard
CALL100912,CUST1298,2025-12-03 13:09:00,1804,SMS,40.43,West,Standard
CALL100913,CUST1115,2025-03-03 16:33:00,803,Data,56.55,East,Standard
CALL100914,CUST1622,2025-07-25 03:51:00,1000,Voice,145.54,North,Basic
CALL100915,CUST1855,2025-03-22 10:00:00,1128,Voice,26.34,East,Premium
CALL100916,CUST1716,2025-04-12 17:59:00,1109,Voice,205.49,South,Basic
CALL100917,CUST1179,2025-02-01 12:48:00,2320,Voice,81.88,South,Standard
CALL100918,CUST1066,2025-07-04 18:19:00,1564,Voice,60.91,East,Standard
CALL100919,CUST1742,2025-12-02 00:49:00,1556,Voice,128.62,West,Basic
CALL100920,CUST1474,2025-11-27 15:34:00,2606,Data,73.66,East,Standard
CALL100921,CUST1222,2025-10-22 15:32:00,3465,Voice,48.94,North,Basic
CALL100922,CUST1261,2025-09-28 02:48:00,2803,SMS,10.37,East,Premium
CALL100923,CUST1008,2025-07-27 13:22:00,1689,SMS,43.61,North,Basic
CALL100924,CUST1542,2025-04-16 07:00:00,506,SMS,30.56,South,Standard
CALL100925,CUST1151,2025-02-09 02:27:00,2657,Voice,18.72,East,Basic
CALL100926,CUST1030,2025-10-18 02:59:00,2496,Voice,12.9,South,Standard
CALL100927,CUST1411,2025-07-07 05:41:00,3034,Voice,13.18,South,Premium
CALL100928,CUST1865,2025-03-31 21:55:00,2174,Voice,95.32,North,Standard
CALL100929,CUST1498,2025-03-31 21:59:00,1071,Voice,78.97,West,Basic
CALL100930,CUST1068,2025-04-10 19:23:00,1484,SMS,11.02,South,Standard
CALL100931,CUST1664,2025-10-06 09:13:00,2019,Voice,77.71,East,Basic
CALL100932,CUST1920,2025-09-11 12:35:00,2240,Voice,62.48,North,Standard
CALL100933,CUST1583,2025-07-13 03:00:00,32,SMS,4.71,South,Standard
CALL100934,CUST1025,2025-05-09 19:01:00,1667,Voice,37.98,North,Premium
CALL100935,CUST1982,2025-02-17 11:41:00,100,Voice,79.29,East,Standard
CALL100936,CUST1051,2025-07-23 20:57:00,858,Data,86.47,East,Standard
CALL100937,CUST1304,2025-01-09 08:28:00,1168,Voice,3.81,West,Standard
CALL100938,CUST1963,2025-05-27 10:21:00,2208,Data,11.09,South,Standard
CALL100939,CUST1424,2025-03-23 03:58:00,3235,Voice,56.93,East,Standard
CALL100940,CUST1243,2025-11-04 16:43:00,1239,Voice,2.36,South,Standard
CALL100941,CUST1353,2025-12-30 03:01:00,1649,Voice,9.9,North,Basic
CALL100942,CUST1245,2025-07-03 09:34:00,34,Voice,54.5,North,Standard
CALL100943,CUST1245,2025-05-05 13:42:00,1740,Voice,10.96,West,Standard
CALL100944,CUST1224,2025-09-01 12:17:00,1782,SMS,36.12,North,Premium
CALL100945,CUST1161,2025-11-19 22:47:00,1456,Voice,72.84,South,Basic
CALL100946,CUST1349,2025-02-07 07:50:00,3457,SMS,39.3,South,Standard
CALL100947,CUST1657,2025-01-11 23:14:00,523,Voice,56.75,South,Premium
CALL100948,CUST1035,2025-06-14 23:10:00,2894,Voice,21.59,West,Standard
CALL100949,CUST1131,2025-09-07 14:25:00,1898,Voice,131.24,South,Premium
CALL100950,CUST1925,2025-10-11 03:12:00,2321,Voice,1.49,South,Standard
CALL100951,CUST1854,2025-04-09 05:12:00,2581,Voice,36.18,West,Standard
CALL100952,CUST1697,2025-07-07 05:04:00,1104,Voice,12.21,West,Basic
CALL100953,CUST1170,2025-03-25 23:51:00,231,SMS,21.15,West,Standard
CALL100954,CUST1472,2025-04-28 07:36:00,1890,Data,206.25,West,Basic
CALL100955,CUST1655,2025-10-17 20:38:00,2298,Data,20.14,West,Standard
CALL100956,CUST1830,2025-03-07 01:51:00,3285,SMS,46.23,North,Standard
CALL100957,CUST1168,2025-12-11 22:26:00,1076,Voice,10.53,North,Basic
CALL100958,CUST1140,2025-08-17 12:34:00,2927,Data,43.33,East,Standard
CALL100959,CUST1836,2025-09-16 22:57:00,716,Voice,106.86,West,Premium
CALL100960,CUST1996,2025-09-20 11:35:00,1834,Voice,12.9,South,Premium
CALL100961,CUST1046,2025-09-13 08:18:00,3127,Data,47.74,North,Premium
CALL100962,CUST1432,2025-02-05 10:16:00,3241,Data,36.46,West,Basic
CALL100963,CUST1565,2025-01-10 06:11:00,2845,Data,151.45,North,Premium
CALL100964,CUST1851,2025-08-27 05:26:00,2014,Data,2.13,South,Standard
CALL100965,CUST1337,2025-07-03 02:09:00,1093,Data,54.38,North,Premium
CALL100966,CUST1864,2025-12-25 23:29:00,483,Voice,217.39,North,Basic
CALL100967,CUST1766,2025-04-05 20:19:00,2847,SMS,58.98,East,Standard
CALL100968,CUST1222,2025-08-27 23:25:00,3216,Data,5.18,North,Basic
CALL100969,CUST1011,2025-06-11 04:15:00,3597,Data,104.21,South,Standard
CALL100970,CUST1505,2025-09-07 16:37:00,1024,Voice,18.28,East,Standard
CALL100971,CUST1049,2025-03-28 09:23:00,2998,Voice,19.28,West,Standard
CALL100972,CUST1610,2025-04-01 18:25:00,1297,Voice,94.08,North,Basic
CALL100973,CUST1986,2025-03-05 04:36:00,3468,Voice,144.79,North,Standard
CALL100974,CUST1983,2025-01-31 08:10:00,314,Voice,72.28,West,Standard
CALL100975,CUST1523,2025-06-15 18:14:00,1194,Voice,46.88,South,Basic
CALL100976,CUST1676,2025-05-02 21:10:00,222,Voice,31.47,West,Standard
CALL100977,CUST1821,2025-01-31 13:01:00,1697,SMS,9.36,West,Standard
CALL100978,CUST1312,2025-06-08 07:13:00,3117,Data,57.66,West,Standard
CALL100979,CUST1274,2025-06-17 07:48:00,2985,Voice,60.43,North,Basic
CALL100980,CUST1519,2025-04-27 14:09:00,812,Voice,45.94,East,Standard
CALL100981,CUST1962,2025-12-26 06:59:00,2179,Voice,73.09,South,Standard
CALL100982,CUST1412,2025-06-23 05:28:00,427,Voice,59.99,South,Standard
CALL100983,CUST1927,2025-08-31 15:34:00,3578,Voice,16.1,West,Basic
CALL100984,CUST1582,2025-11-18 23:18:00,3205,Voice,12.1,East,Standard
CALL100985,CUST1146,2025-08-27 04:24:00,3402,SMS,1.86,North,Basic
CALL100986,CUST1293,2025-02-26 02:27:00,586,Data,10.82,East,Premium
CALL100987,CUST1592,2025-02-28 12:01:00,1399,SMS,8.03,North,Standard
CALL100988,CUST1716,2025-10-06 21:01:00,3458,Data,44.24,North,Basic
CALL100989,CUST1633,2025-12-30 03:29:00,3126,Voice,53.98,North,Basic
CALL100990,CUST1519,2025-05-31 22:55:00,2615,Data,225.44,East,Premium
CALL100991,CUST1886,2025-11-23 15:21:00,160,SMS,18.95,East,Basic
CALL100992,CUST1003,2025-06-10 08:09:00,1585,SMS,95.15,West,Basic
CALL100993,CUST1979,2025-03-10 03:26:00,1727,Voice,15.32,West,Basic
CALL100994,CUST1059,2025-07-10 10:31:00,2128,Data,32.57,West,Standard
CALL100995,CUST1167,2025-07-18 05:57:00,1443,Voice,39.26,East,Basic
CALL100996,CUST1086,2025-10-14 18:02:00,1427,Voice,10.92,West,Standard
CALL100997,CUST1318,2025-09-02 02:47:00,1474,SMS,28.62,South,Premium
CALL100998,CUST1211,2025-02-04 16:28:00,3125,Voice,67.31,East,Standard
CALL100999,CUST1460,2025-12-14 13:10:00,2365,Voice,40.88,North,Standard
